DOMAINNAME,RENEWALFORMATTED
necs2u.co.uk,04/11/2022
necso.co.uk,30/03/2019
pathtoexcellence.org.uk,19/09/2020
necss.uk,11/10/2019
ginportal.info,29/11/2020
necsu.info,05/12/2022
necsapps.net,10/12/2020
necommissioningsupport.co.uk,30/03/2019
nhsbetterhealth.org.uk,11/12/2020
necss.co.uk,30/03/2019
necsupport.co.uk,30/03/2019
necs2u.uk,11/09/2022
raidr.uk,11/09/2022
capacitytracker.co.uk,19/10/2023
nhsjoinourjourney.org.uk,10/04/2021
capacitytracker.com,19/10/2023
mymedicinesmyhealth.org.uk,10/10/2021
nhsclaimit.co.uk,08/12/2020
necsupport.org.uk,30/03/2019
raidr.co.uk,19/11/2021
necsu.net,01/02/2023
necsupport.uk,11/10/2019
necommissioningsupport.org.uk,30/03/2019
necss.org.uk,30/03/2019
necso.org.uk,30/03/2019
necchangingcare.org.uk,15/09/2021
necso.uk,11/10/2019
necommissioningsupport.uk,11/10/2019
